{
    "agency": {
        "0": {
            "precision": 0.7096774193548387,
            "recall": 1.0,
            "f1-score": 0.8301886792452831,
            "support": 132
        },
        "1": {
            "precision": 0.0,
            "recall": 0.0,
            "f1-score": 0.0,
            "support": 54
        },
        "accuracy": 0.7096774193548387,
        "macro avg": {
            "precision": 0.3548387096774194,
            "recall": 0.5,
            "f1-score": 0.41509433962264153,
            "support": 186
        },
        "weighted avg": {
            "precision": 0.5036420395421437,
            "recall": 0.7096774193548387,
            "f1-score": 0.5891661594643944,
            "support": 186
        }
    },
    "event_sequencing": {
        "0": {
            "precision": 0.7311827956989247,
            "recall": 1.0,
            "f1-score": 0.84472049689441,
            "support": 136
        },
        "1": {
            "precision": 0.0,
            "recall": 0.0,
            "f1-score": 0.0,
            "support": 50
        },
        "accuracy": 0.7311827956989247,
        "macro avg": {
            "precision": 0.3655913978494624,
            "recall": 0.5,
            "f1-score": 0.422360248447205,
            "support": 186
        },
        "weighted avg": {
            "precision": 0.5346282807260955,
            "recall": 0.7311827956989247,
            "f1-score": 0.6176450945034396,
            "support": 186
        }
    },
    "world_making": {
        "0": {
            "precision": 0.8978494623655914,
            "recall": 1.0,
            "f1-score": 0.9461756373937676,
            "support": 167
        },
        "1": {
            "precision": 0.0,
            "recall": 0.0,
            "f1-score": 0.0,
            "support": 19
        },
        "accuracy": 0.8978494623655914,
        "macro avg": {
            "precision": 0.4489247311827957,
            "recall": 0.5,
            "f1-score": 0.4730878186968838,
            "support": 186
        },
        "weighted avg": {
            "precision": 0.8061336570701815,
            "recall": 0.8978494623655914,
            "f1-score": 0.8495232873374151,
            "support": 186
        }
    },
    "story": {
        "0": {
            "precision": 0.7688172043010753,
            "recall": 1.0,
            "f1-score": 0.8693009118541033,
            "support": 143
        },
        "1": {
            "precision": 0.0,
            "recall": 0.0,
            "f1-score": 0.0,
            "support": 43
        },
        "accuracy": 0.7688172043010753,
        "macro avg": {
            "precision": 0.3844086021505376,
            "recall": 0.5,
            "f1-score": 0.43465045592705165,
            "support": 186
        },
        "weighted avg": {
            "precision": 0.5910798936293213,
            "recall": 0.7688172043010753,
            "f1-score": 0.6683334967480472,
            "support": 186
        }
    }
}